lighting_kwh_day,hvac_kwh_day,combined_kwh_day,tv_pct,cold_pct,hot_pct,dzh_day,vis_in_pct,vis_under_pct,vis_over_pct,glare_pct,core_in_pct,unocc_light_kwh_day,glz_clear_pct,glz_dark_pct,glz_clear_sunny_pct,upd_pct,persistence_steps,upd_glazing_pct,upd_lighting_pct,upd_heating_pct,upd_cooling_pct,run,status,prov,ckpt_ep,pipe
22.796936025333384,336.9606100000927,359.75754602542605,14.674657534246574,13.504566210045663,1.1700913242009132,2.7292081906590053,48.82990867579909,10.251141552511415,40.9189497716895,20.46232876712329,79.46917808219179,0.0,22.31021689497717,10.328196347031964,5.369033760186263,100.0,1.0,100.0,100.0,100.0,100.0,b3e100_always,ok,0.000791286991443485,100,Ablation_sdar_ (
15.075764401586481,282.31556273014036,297.3913271317268,23.383561643835616,20.503424657534246,2.8801369863013697,6.33044121241324,20.542237442922374,13.353310502283106,66.10445205479452,44.46775114155251,64.4406392694064,0.0,47.3458904109589,2.792522831050228,41.061699650756694,13.587837628089137,7.359522739164719,1.816529994862916,10.724709374227059,19.585608554196238,19.870241062425084,b3e100_constant_s20260728,ok,0.0008010073215700686,100,Ablation_sdar_ (
15.452305787460832,280.88410866936624,296.3364144568271,24.009132420091326,20.89840182648402,3.1107305936073057,6.464099191118291,21.39554794520548,13.685787671232877,64.91866438356165,44.23658675799087,65.31392694063926,0.0,47.318778538812786,3.4717465753424657,42.32363213038417,13.604760965371247,7.350368025909025,1.7570730036720636,10.741071938202781,19.726402709336174,19.824958617934133,b3e100_constant_s20260729,ok,0.0007981173112057149,100,Ablation_sdar_ (
15.23080544577648,282.2976276658424,297.5284331116189,23.97374429223744,20.995433789954337,2.978310502283105,6.333436306667993,21.138698630136986,13.624429223744292,65.23687214611871,44.61472602739726,66.55821917808218,0.0,47.7939497716895,3.6601027397260273,43.11059371362049,13.543977144482241,7.3833556372132225,1.7661104663330733,10.80119484769497,19.54983922829582,19.703190699975266,b3e100_constant_s20260730,ok,0.0008065435686148703,100,Ablation_sdar_ (
15.253518267268602,280.2421608404931,295.4956791077617,24.791095890410958,21.560502283105023,3.2305936073059356,6.845018876061827,20.636415525114156,13.694349315068493,65.66923515981735,45.07848173515982,63.04223744292238,0.0,47.57134703196347,3.4260844748858448,42.770663562281726,13.597751299041377,7.354157154429634,1.7432789817157859,10.752107155767805,19.746951045491734,19.77777354972507,b3e100_constant_s20260731,ok,0.0008006647112779319,100,Ablation_sdar_ (
15.335497535725475,282.19435698649187,297.52985452221736,23.486301369863014,20.631278538812786,2.8550228310502286,6.40900773428154,20.824771689497716,14.290810502283104,64.88441780821917,43.05650684931507,64.20091324200912,0.0,45.199771689497716,3.0265410958904106,38.92433061699651,13.6079653842649,7.348637153033292,1.7903689187389409,10.835442074620902,19.680359215357978,19.762172035236592,b3e100_constant_s20260732,ok,0.0007315060938708484,100,Ablation_sdar_ (
18.044093027103028,280.07346933186096,298.117562358964,23.283105022831048,21.358447488584474,1.9246575342465753,6.292817132930558,27.99657534246575,10.839041095890412,61.16438356164383,38.486015981735164,75.08561643835617,0.0,39.95005707762557,0.7534246575342466,30.589057043073343,13.590641494621083,7.358004406162733,1.771818337487395,10.76923076923077,19.72031431343823,19.737437926901197,b3e100_periodic_s20260728,ok,0.0007871792186051607,100,Ablation_sdar_ (
17.941863184955775,283.8873675349657,301.82923071992144,22.5296803652968,20.267123287671232,2.2625570776255706,5.968390724743747,27.412956621004565,10.76626712328767,61.82077625570776,39.00256849315068,74.01255707762557,0.0,41.16438356164384,0.3182077625570776,32.32596041909196,13.590841770801937,7.357895977777941,1.7713426815578681,10.76961129397439,19.720694838181853,19.737818451644817,b3e100_periodic_s20260729,ok,0.0008240194874815643,100,Ablation_sdar_ (
17.906428979861364,284.09923038618837,302.0056593660497,22.12214611872146,19.976027397260275,2.146118721461187,5.789522416665267,27.43293378995434,10.810502283105022,61.75656392694064,38.397545662100455,72.14041095890411,0.0,40.99885844748859,0.5065639269406392,30.68684516880093,13.59074163271151,7.357950191570882,1.7722939934169217,10.76961129397439,19.71993378869461,19.737437926901197,b3e100_periodic_s20260730,ok,0.0008175697876140475,100,Ablation_sdar_ (
17.979176470873007,285.84273173207634,303.8219082029494,21.10502283105023,18.97602739726027,2.1289954337899544,5.4848531561424565,28.15211187214612,10.686358447488585,61.1615296803653,38.567351598173516,75.3082191780822,0.0,40.208333333333336,0.6934931506849316,31.664726426076832,13.590941908892361,7.357841764783896,1.771818337487395,10.769991818718012,19.720694838181853,19.737437926901197,b3e100_periodic_s20260731,ok,0.0008442870457656682,100,Ablation_sdar_ (
18.050876466326546,284.28195045830745,302.332826924634,20.868721461187214,18.891552511415526,1.9771689497716893,5.4137256305650805,27.491438356164384,11.054509132420092,61.454052511415526,38.851312785388124,77.12328767123287,0.0,41.208618721461185,0.2554223744292238,32.48428405122235,13.590941908892361,7.357841764783896,1.771818337487395,10.76961129397439,19.720694838181853,19.737818451644817,b3e100_periodic_s20260732,ok,0.0008763736695982516,100,Ablation_sdar_ (
23.60363604497157,324.6633088462331,348.2669448912047,7.17351598173516,6.334474885844749,0.839041095890411,1.1651705681260434,47.457191780821915,1.7437214611872147,50.799086757990864,25.595034246575345,87.26598173515981,3.731145940901684,35.500856164383556,5.089897260273973,13.820721769499416,13.475883242992087,7.420663877598032,1.7042751954945872,11.28750547004319,19.203181186856675,19.354249510074393,b3e100_sample_s20260728_sgoff,ok,0.0010643850546330214,100,new_dataset_gen1
19.92496151278658,326.3439961489892,346.2689576617758,7.181506849315069,6.289954337899544,0.8915525114155252,1.1623722201905684,48.35045662100457,2.106164383561644,49.54337899543379,24.248002283105023,88.91552511415524,0.0,33.77140410958904,5.204052511415525,12.237485448195576,13.826867249937663,7.23229623835803,1.7437546376453128,10.73003672063776,20.25342947925189,20.163625639757225,b3e100_sample_s20260729,ok,0.0010016128653660417,100,new_dataset_gen1
19.819138961255618,328.22561130635813,348.0447502676137,6.384703196347032,5.605022831050229,0.7796803652968036,0.8975088114099674,47.68407534246575,2.049086757990868,50.26683789954338,24.677511415525114,89.3607305936073,0.0,34.579052511415526,5.476598173515982,12.703143189755531,13.83848326842716,7.226225451177331,1.69333510911547,10.58657889229247,20.325729180539966,20.3192602598984,b3e100_sample_s20260730,ok,0.0010291585931554437,100,new_dataset_gen1
20.257429451230966,321.64245237417896,341.8998818254099,8.496575342465754,7.460045662100456,1.0365296803652968,1.474459708282448,49.78595890410959,2.0305365296803655,48.18350456621005,23.380422374429223,89.48059360730593,0.0,32.845319634703195,5.122716894977168,12.18626309662398,13.763880391059272,7.265392982124278,1.7680130900511806,10.841530470518846,20.00570787115432,20.041096672311117,b3e100_sample_s20260731,ok,0.001071527018211782,100,new_dataset_gen1
19.839480807218433,321.7934328446662,341.6329136518846,7.404109589041095,6.492009132420091,0.9121004566210046,1.2327883382232683,47.98087899543379,1.882134703196347,50.136986301369866,24.634703196347033,90.21689497716895,0.0,33.69577625570776,5.039954337899544,12.09778812572759,13.67265459068055,7.313868666598309,1.7613539070378053,10.765425521794555,19.909054586274472,19.872524210886812,b3e100_sample_s20260732,ok,0.001097363536246121,100,new_dataset_gen1
19.51146657731341,332.5710991812428,352.0825657585562,10.199771689497716,9.448630136986301,0.7511415525114155,2.320869971130007,40.23829908675799,8.184931506849315,51.5767694063927,24.785958904109588,93.67579908675799,0.0,30.0,3.033675799086758,12.72176949941793,9.929092218168854,10.071414163825969,0.5774462984455564,7.4008257386936585,14.935215662398447,14.932551989193096,b3e100_threshold,ok,0.0010178462835028768,100,new_dataset_gen1
19.96181646695872,322.7225090127741,342.6843254797328,7.689497716894977,6.81392694063927,0.8755707762557078,1.3600335747242271,48.15353881278539,1.976312785388128,49.870148401826484,24.628995433789953,88.63013698630137,0.0,34.04680365296804,5.536529680365296,13.625145518044238,13.590040666078524,7.358329710491994,1.7856123594436728,10.82440685705588,19.66437717612588,19.72488061036169,b3e100_sample_s20260728,ok,0.0010514386231079698,100,new_dataset_gen1
