variant,seed,source,file,lighting_kwh_day,hvac_kwh_day,combined_kwh_day,tv_pct,cold_pct,hot_pct,dzh_day,vis_in_pct,vis_under_pct,vis_over_pct,glare_pct,core_in_pct,unocc_light_kwh_day,glz_clear_pct,glz_dark_pct,glz_clear_sunny_pct,upd_pct,persistence_steps,upd_glazing_pct,upd_lighting_pct,upd_heating_pct,upd_cooling_pct
plain,20260728,new,aamas2027/runs/plain_e100_sample_s20260728/rollout.csv,19.844505640015445,351.7102184615313,371.55472410154675,7.936073059360731,7.180365296803654,0.7557077625570776,1.0389497593255312,51.30993150684932,2.2531392694063928,46.43692922374429,21.40268264840183,95.35388127853881,0.0,28.374714611872147,6.9006849315068495,8.880093131548312,17.992711949778744,5.557805864903522,2.7768793165775607,12.440495443216196,26.80264084172073,26.907665670960256
plain,20260729,new,aamas2027/runs/plain_e100_sample_s20260729/rollout.csv,19.550705996119632,350.9271322918936,370.47783828801323,7.549086757990868,6.792237442922374,0.7568493150684932,0.9006963825771986,50.887557077625566,2.4001141552511416,46.71232876712329,21.71232876712329,94.7431506849315,0.0,29.310787671232873,5.977454337899543,10.975552968568103,17.729348771956527,5.640365096668154,2.634658193649042,12.300842862307121,26.485283205540437,26.47767271066801
plain,20260730,new,aamas2027/runs/plain_e100_sample_s20260730/rollout.csv,19.802144960800227,346.4642080701587,366.2663530309589,7.809360730593608,7.026255707762558,0.7831050228310501,0.987303353201506,51.00599315068494,2.35587899543379,46.63812785388128,21.815068493150687,94.81164383561645,0.0,29.30079908675799,6.913527397260275,9.741559953434226,17.66345790845576,5.6614056272712325,2.6917369051922604,12.496052055784928,26.17363344051447,26.298065031678686
augv,20260728,new,aamas2027/runs/augv_e100_sample_s20260728/rollout.csv,20.28335793652377,339.59452296826817,359.87788090479194,8.864155251141552,8.188356164383562,0.6757990867579908,1.295197094096225,52.992294520547944,2.328767123287671,44.67893835616438,20.206906392694062,88.86986301369863,0.0,28.60302511415525,7.465753424657534,8.772991850989523,17.27161756061609,5.789845661475666,2.429174832093457,13.47514222112293,25.059076466447234,25.154588177096215
augv,20260729,new,aamas2027/runs/augv_e100_sample_s20260729/rollout.csv,20.196369286031306,336.8028384371137,356.999207723145,8.29337899543379,7.681506849315069,0.6118721461187215,1.1211631341023074,52.537100456621,2.444349315068493,45.0185502283105,19.68607305936073,88.8527397260274,0.0,28.427511415525114,6.565353881278539,7.986030267753201,17.08445946960859,5.85327268784179,2.36591259346639,13.505964725356268,24.748948800395745,24.77330238398752
augv,20260730,new,aamas2027/runs/augv_e100_sample_s20260730/rollout.csv,20.350995701843136,338.1918030541235,358.54279875596666,8.554794520547945,7.993150684931506,0.5616438356164383,1.2160041295365493,52.33590182648402,2.405821917808219,45.25827625570776,20.326769406392696,89.2351598173516,0.0,28.537385844748858,7.253139269406393,7.268917345750873,17.291244626339722,5.783273683357078,2.3911223577313114,13.47247854791758,25.167526018379345,25.153827127608974
b3,20260728,new,aamas2027/runs/b3e100_sample_s20260728/rollout.csv,19.96181646695872,322.7225090127741,342.6843254797328,7.689497716894977,6.81392694063927,0.8755707762557078,1.360033574724227,48.15353881278539,1.976312785388128,49.870148401826484,24.628995433789953,88.63013698630137,0.0,34.04680365296804,5.536529680365296,13.625145518044238,13.590040666078524,7.358329710491994,1.7856123594436728,10.82440685705588,19.66437717612588,19.72488061036169
b3,20260729,new-isolated,aamas2027/batch2_runs/b3e100_20261001_045541/runs/b3e100_sample_s20260729/rollout.csv,19.92496151278658,326.3439961489892,346.2689576617758,7.181506849315069,6.289954337899544,0.8915525114155252,1.1623722201905682,48.35045662100457,2.106164383561644,49.54337899543379,24.248002283105023,88.91552511415524,0.0,33.77140410958904,5.204052511415525,12.237485448195576,13.826867249937663,7.23229623835803,1.7437546376453128,10.73003672063776,20.25342947925189,20.163625639757225
b3,20260730,new-isolated,aamas2027/batch2_runs/b3e100_20261001_045541/runs/b3e100_sample_s20260730/rollout.csv,19.819138961255618,328.22561130635813,348.0447502676137,6.384703196347032,5.605022831050229,0.7796803652968036,0.8975088114099672,47.68407534246575,2.049086757990868,50.26683789954338,24.677511415525114,89.3607305936073,0.0,34.579052511415526,5.476598173515982,12.703143189755531,13.83848326842716,7.226225451177331,1.69333510911547,10.58657889229247,20.325729180539966,20.3192602598984
b3,20260731,new-isolated,aamas2027/batch2_runs/b3e100_20261001_045541/runs/b3e100_sample_s20260731/rollout.csv,20.257429451230966,321.64245237417896,341.8998818254099,8.496575342465754,7.460045662100456,1.0365296803652968,1.4744597082824478,49.78595890410959,2.0305365296803655,48.18350456621005,23.380422374429223,89.48059360730593,0.0,32.845319634703195,5.122716894977168,12.18626309662398,13.763880391059272,7.265392982124278,1.7680130900511806,10.841530470518846,20.00570787115432,20.041096672311117
b3,20260732,new-isolated,aamas2027/batch2_runs/b3e100_20261001_045541/runs/b3e100_sample_s20260732/rollout.csv,19.839480807218433,321.7934328446662,341.6329136518846,7.404109589041095,6.492009132420091,0.9121004566210046,1.2327883382232678,47.98087899543379,1.882134703196347,50.136986301369866,24.634703196347033,90.21689497716895,0.0,33.69577625570776,5.039954337899544,12.09778812572759,13.67265459068055,7.313868666598309,1.7613539070378053,10.765425521794555,19.909054586274472,19.872524210886812
v11e100,20260728,new,aamas2027/runs/v11_e100_sample_s20260728/rollout.csv,20.220156063300454,333.25396677763507,353.47412284093554,8.672374429223744,7.965753424657534,0.70662100456621,1.4754278925143385,50.67779680365297,2.2531392694063928,47.06906392694064,22.74543378995434,91.7351598173516,0.0,32.318778538812786,5.948915525114155,12.50291036088475,15.890913569812772,6.292904404814418,2.129511596491562,12.717517456572613,22.905686942293425,23.05865788922925
v11e100,20260729,new,aamas2027/runs/v11_e100_sample_s20260729/rollout.csv,19.936516716698062,336.7648479676188,356.70136468431684,7.977168949771689,7.302511415525115,0.6746575342465753,1.2652862284058708,49.93150684931506,2.4486301369863015,47.619863013698634,22.559931506849313,90.1541095890411,0.0,32.20176940639269,5.412385844748859,13.21536670547148,15.806997850035199,6.326311988444872,2.1513917692497957,12.446583839114139,22.94411994139919,22.95477463422059
v11e100,20260730,new,aamas2027/runs/v11_e100_sample_s20260730/rollout.csv,19.988046314958083,333.2888433071104,353.2768896220685,7.692922374429225,6.955479452054794,0.7374429223744292,1.194737689086238,48.77568493150685,2.317351598173516,48.90696347031964,23.879851598173516,91.55251141552512,0.0,33.51740867579909,5.79337899543379,13.69965075669383,15.696745812475404,6.370747236062289,2.097166993283738,12.367815217184496,22.81854677600411,22.783538499590936
v11e250,20260728,new,aamas2027/runs/v11_e250_sample_s20260728/rollout.csv,20.21463068845742,342.49903495672993,362.71366564518735,11.108447488584474,10.664383561643834,0.4440639269406393,1.9994466952141356,55.333904109589035,1.9249429223744292,42.74115296803653,18.036529680365295,95.75913242009132,0.0,26.793664383561644,7.495719178082191,5.913853317811409,18.43261858102323,5.425165152766309,2.5271599535759814,13.588538594722122,27.14777678418539,27.28590726611998
v11e250,20260729,new,aamas2027/runs/v11_e250_sample_s20260729/rollout.csv,20.266357980574323,339.7777676210454,360.0441256016197,10.844748858447488,10.373287671232877,0.4714611872146119,2.040086221358359,54.70890410958904,2.0876141552511416,43.20348173515981,18.694349315068493,95.68493150684931,0.0,27.337328767123285,7.131849315068493,6.128055878928987,18.012739567864084,5.5516263710605465,2.5138415875492304,13.435187123042674,26.44837230540916,26.553777659392303
v11e250,20260730,new,aamas2027/runs/v11_e250_sample_s20260730/rollout.csv,20.139650731141803,343.4094778912847,363.5491286224265,10.125570776255707,9.63013698630137,0.49543378995433784,1.6519144995553359,53.84275114155251,2.096175799086758,44.06107305936073,19.41495433789954,95.662100456621,0.0,28.577340182648403,7.448630136986302,8.065192083818394,18.286316830909826,5.468569801381078,2.4053920356171163,13.06683917121711,27.27487204855496,27.221979109191572
k1,20260728,new-isolated,aamas2027/batch6_runs/20261002_1706/runs/k1_e100_sample_s20260728/rollout.csv,19.186771360626388,325.75242684629654,344.9391982069229,4.90296803652968,4.114155251141552,0.7888127853881278,0.5322158895636367,46.33847031963471,1.668093607305936,51.993436073059364,26.820776255707763,86.94634703196347,0.0,37.709760273972606,5.278253424657534,17.746216530849825,15.660896376102645,6.385330545484773,1.7841853916550923,12.209136399094351,22.874483913316464,23.000437603455165
k1,20260729,new-isolated,aamas2027/batch6_runs/20261002_1706/runs/k1_e100_sample_s20260729/rollout.csv,19.017814470263076,326.49813851205175,345.51595298231484,4.920091324200913,4.066210045662101,0.8538812785388128,0.5378527084522162,46.61244292237443,1.7280251141552512,51.659531963470315,25.903253424657535,86.96917808219177,0.0,36.55821917808219,5.244006849315069,17.58789289871944,15.946089657637883,6.271129922570193,1.8407884472687837,12.351452653208774,23.361175060408303,23.40988222759185
k1,20260730,new-isolated,aamas2027/batch6_runs/20261002_1706/runs/k1_e100_sample_s20260730/rollout.csv,18.9217068118105,324.45007191445245,343.37177872626296,4.842465753424658,4.100456621004566,0.7420091324200913,0.5617045124892752,45.44092465753425,1.5981735159817352,52.96090182648402,27.091894977168952,86.7865296803653,0.0,38.1949200913242,5.492294520547945,17.979045401629804,15.571072508989896,6.422165200391007,1.7936985102456287,12.148252440114918,22.754238094332084,22.832626191518106
